﻿Designator,Footprint,Quantity,Value,LCSC Part #
"C2, C5",C_Disc_D5.0mm_W2.5mm_P2.50mm,2,100nF,
"C3, C4",CP_Radial_D5.0mm_P2.50mm,2,10uF,
J1,PinHeader_1x12_P2.54mm_Vertical,1,MBoard,
J2,PinHeader_1x03_P2.54mm_Vertical,1,SERVO1,
J3,TerminalBlock_bornier-2_P5.08mm,1,PWR,
J4,PinSocket_1x06_P2.54mm_Vertical,1,INA219,
J5,PinHeader_1x03_P2.54mm_Vertical,1,SERVO2,
J6,PinHeader_1x03_P2.54mm_Vertical,1,SERVO3,
J7,PinHeader_1x03_P2.54mm_Vertical,1,SERVO4,
J8,PinHeader_1x03_P2.54mm_Vertical,1,SERVO5,
J9,PinHeader_1x03_P2.54mm_Vertical,1,SERVO6,
PS1,XL4005_DC-DC,1,XL4005_DC-DC,
U2,SOT-223-3_TabPin2,1,AMS1117,
