﻿Designator,Footprint,Quantity,Value,LCSC Part #
J1,PinHeader_1x12_P2.54mm_Vertical,1,MBoard,
J2,IPEX_20279-001E-03,1,Antena IPEX,
J4,JST_PH_S4B-PH-K_1x04_P2.00mm_Horizontal,1,ZE07-CO,
J5,JST_PH_S4B-PH-K_1x04_P2.00mm_Horizontal,1,SHT40,
J6,JST_PH_S4B-PH-K_1x04_P2.00mm_Horizontal,1,ML8511,
J7,PinSocket_1x04_P2.54mm_Vertical,1,NEO-8M,
J8,JST_PH_S4B-PH-K_1x04_P2.00mm_Horizontal,1,MPU/BMP,
"R1, R2",R_Axial_DIN0204_L3.6mm_D1.6mm_P2.54mm_Vertical,2,R,
U1,MODULE_RFM96W-433S2,1,RFM96W-433S2,
U2,MODULE_ESP32_DEVKIT_V1,1,ESP32-DEVKIT-V1,
